{
  "@context": "https://kgrid.org/koio/2.0/context",
  "@id": "diabetes-screening",
  "koio:kgrid": "2",
  "@type": "koio:KnowledgeObject",
  "dc:title": "Prediabetes and Type 2 Diabetes: Screening",
  "dc:identifier": "ark:DiabetesScreening",
  "version": "v1.0",
  "dc:description": "Adults aged 35 to 70 years who have overweight or obesity:\n The USPSTF recommends screening for prediabetes and type 2 diabetes.  Clinicians should offer or refer patients with prediabetes to effective preventive interventions.\nGrade: B",
  "koio:contributors": "Kgrid Team",
  "koio:keywords": [
    "Type 2 Diabetes",
    "Prediabetes",
    "USPSTF",
    "Screening"
  ],
  "koio:hasService": [
    {
      "@type": [
        "Service",
        "API"
      ],
      "dependsOn": "knowledge",
      "implementedBy": [
        {
          "@id": ".",
          "@type": [
            "https://kgrid.org/specs/activationSpec.html#object",
            "Python"
          ]
        }
      ]
    },
    {
      "@type": [
        "Service",
        "CLI"
      ],
      "dependsOn": "knowledge",
      "implementedBy": {
        "@id": "diabetes_screening/cli_service",
        "@type": [
          "Python"
        ]
      }
    }
  ],
  "koio:hasKnowledge": [
    {
      "@id": "knowledge",
      "@type": "Knowledge",
      "implementedBy": {
        "@id": "diabetes_screening/knowledge.py",
        "@type": "Function"
      },
      "hasTest": "tests/test_knowledge.py"
    }
  ]
}