{
  "@context": "https://kgrid.org/koio/2.0/context",
  "@id": "cardiovascular-prevention-statin-use",
  "koio:kgrid": "2",
  "@type": "koio:KnowledgeObject",
  "dc:title": "Statin Use for the Primary Prevention of Cardiovascular Disease in Adults: Preventive Medication",
  "dc:identifier": "ark:StatinUse",
  "version": "v1.0",
  "dc:description": "The USPSTF recommends that:\nFor adults aged 40 to 75 years who have 1 or more cardiovascular risk factors (ie, dyslipidemia, diabetes, hypertension, or smoking) and an estimated 10-year cardiovascular disease (CVD) risk of 10% or greater:\nInitiate a statin.\nGrade: B\n\nFor adults aged 40 to 75 years who have 1 or more cardiovascular risk factors (ie, dyslipidemia, diabetes, hypertension, or smoking) and an estimated 10-year CVD risk of 7.5% to less than 10%:\nSelectively offer a statin.\nGrade: C\n\nFor adults 76 years or older:\nThe evidence is insufficient to recommend for or against starting a statin.\nGrade: I",
  "koio:contributors": "Kgrid Team",
  "koio:keywords": [
    "Statin use",
    "Cardiovascular Disease",
    "USPSTF",
    "Preventive Medication"
  ],
  "koio:hasService": [
    {
      "@type": [
        "Service",
        "API"
      ],
      "dependsOn": "knowledge",
      "implementedBy": [
        {
          "@id": ".",
          "@type": [
            "https://kgrid.org/specs/activationSpec.html#object",
            "Python"
          ]
        }
      ]
    },
    {
      "@type": [
        "Service",
        "CLI"
      ],
      "dependsOn": "knowledge",
      "implementedBy": {
        "@id": "cardiovascular_prevention_statin_use/cli_service",
        "@type": [
          "Python"
        ]
      }
    }
  ],
  "koio:hasKnowledge": [
    {
      "@id": "knowledge",
      "@type": "Knowledge",
      "implementedBy": {
        "@id": "cardiovascular_prevention_statin_use/knowledge.py",
        "@type": "Function"
      },
      "hasTest": "tests/test_knowledge.py"
    }
  ]
}